generation,mean_fitness,best_fitness
1,-0.142857,10.000000
2,11.357142,125.000000
3,1.857143,10.000000
4,1.714286,10.000000
